user:LAP0338,device:PC-5758,{'event_type': 'email'}
user:MOH0273,device:PC-6699,{'event_type': 'email'}
user:HVB0037,device:PC-7979,{'event_type': 'email'}
user:NWK0215,device:PC-8370,{'event_type': 'email'}
user:LRR0148,device:PC-4275,{'event_type': 'email'}
user:AJR0319,device:PC-4736,{'event_type': 'email'}
user:HSB0196,device:PC-8001,{'event_type': 'email'}
user:JDC0030,device:PC-0246,{'event_type': 'email'}
user:MHH0180,device:PC-9822,{'event_type': 'email'}
user:SSJ0784,device:PC-0840,{'event_type': 'email'}
user:YIC0195,device:PC-9353,{'event_type': 'email'}
user:WPR0368,device:PC-9842,{'event_type': 'email'}
user:NAH0503,device:PC-8267,{'event_type': 'email'}
user:IAR0694,device:PC-2804,{'event_type': 'email'}
user:AMW0392,device:PC-6163,{'event_type': 'email'}
user:JCR0172,device:PC-6713,{'event_type': 'email'}
user:IRM0931,device:PC-7188,{'event_type': 'email'}
user:BQS0525,device:PC-0269,{'event_type': 'email'}
user:IKP0472,device:PC-3842,{'event_type': 'email'}
user:NOB0181,device:PC-3446,{'event_type': 'email'}
user:RRC0553,device:PC-6672,{'event_type': 'email'}
user:CJM0521,device:PC-6249,{'event_type': 'email'}
user:HAD0246,device:PC-0926,{'event_type': 'email'}
user:HPH0075,device:PC-2417,{'event_type': 'email'}
user:DAR0885,device:PC-1312,{'event_type': 'email'}
user:ALB0892,device:PC-2744,{'event_type': 'email'}
user:JHP0583,device:PC-9083,{'event_type': 'email'}
user:ATE0869,device:PC-1313,{'event_type': 'email'}
user:AHC0142,device:PC-8893,{'event_type': 'email'}
user:JKJ0698,device:PC-1917,{'event_type': 'email'}
user:NGF0157,device:PC-6056,{'event_type': 'email'}
user:BDI0533,device:PC-5883,{'event_type': 'email'}
user:FKK0055,device:PC-0435,{'event_type': 'email'}
user:ESJ0670,device:PC-2321,{'event_type': 'email'}
user:BRB0355,device:PC-9896,{'event_type': 'email'}
user:HLH0512,device:PC-2288,{'event_type': 'email'}
user:CTR0341,device:PC-6184,{'event_type': 'email'}
user:FOB0756,device:PC-6204,{'event_type': 'email'}
user:IIW0249,device:PC-0843,{'event_type': 'email'}
user:BRS0734,device:PC-4785,{'event_type': 'email'}
user:RAW0915,device:PC-2113,{'event_type': 'email'}
user:ABC0174,device:PC-5156,{'event_type': 'email'}
user:JKF0465,device:PC-6797,{'event_type': 'email'}
user:HDD0806,device:PC-6032,{'event_type': 'email'}
user:SMH0291,device:PC-3571,{'event_type': 'email'}
user:AOK0844,device:PC-4659,{'event_type': 'email'}
user:CMB0912,device:PC-6539,{'event_type': 'email'}
user:MLM0950,device:PC-9787,{'event_type': 'email'}
user:DRR0242,device:PC-5002,{'event_type': 'email'}
user:LBF0214,device:PC-3819,{'event_type': 'email'}
user:LBH0942,device:PC-3640,{'event_type': 'email'}
user:QOS0878,device:PC-2211,{'event_type': 'email'}
user:NGC0058,device:PC-7558,{'event_type': 'email'}
user:PTH0830,device:PC-8118,{'event_type': 'email'}
user:WIQ0567,device:PC-6113,{'event_type': 'email'}
user:BSS0369,device:PC-3672,{'event_type': 'email'}
user:DLM0051,device:PC-0166,{'event_type': 'email'}
user:NAF0326,device:PC-0384,{'event_type': 'email'}
user:OBH0499,device:PC-7989,{'event_type': 'email'}
user:EHB0420,device:PC-1586,{'event_type': 'email'}
user:RAM0447,device:PC-2697,{'event_type': 'email'}
user:RZC0746,device:PC-7500,{'event_type': 'email'}
user:BVC0790,device:PC-0008,{'event_type': 'email'}
user:LDD0560,device:PC-3683,{'event_type': 'email'}
user:MDH0686,device:PC-9901,{'event_type': 'email'}
user:JAJ0849,device:PC-9819,{'event_type': 'email'}
user:MAD0496,device:PC-2244,{'event_type': 'email'}
user:IIL0513,device:PC-8067,{'event_type': 'email'}
user:TDS0984,device:PC-7088,{'event_type': 'email'}
user:MCD0125,device:PC-7295,{'event_type': 'email'}
user:NMS0280,device:PC-8262,{'event_type': 'email'}
user:SBN0971,device:PC-0151,{'event_type': 'email'}
user:MCF0600,device:PC-8790,{'event_type': 'email'}
user:SRH0155,device:PC-9919,{'event_type': 'email'}
user:AJD0074,device:PC-3135,{'event_type': 'email'}
user:DJB0159,device:PC-3907,{'event_type': 'email'}
user:DRR0162,device:PC-5168,{'event_type': 'email'}
user:TVS0050,device:PC-2174,{'event_type': 'email'}
user:MSD0939,device:PC-3430,{'event_type': 'email'}
user:SJC0333,device:PC-3126,{'event_type': 'email'}
user:ONL0276,device:PC-2891,{'event_type': 'email'}
user:MKS0204,device:PC-5102,{'event_type': 'email'}
user:JMK0099,device:PC-2363,{'event_type': 'email'}
user:NMB0972,device:PC-8330,{'event_type': 'email'}
user:GKO0078,device:PC-4233,{'event_type': 'email'}
user:SVL0940,device:PC-0115,{'event_type': 'email'}
user:JCC0225,device:PC-6711,{'event_type': 'email'}
user:RRA0938,device:PC-9586,{'event_type': 'email'}
user:KTG0091,device:PC-7913,{'event_type': 'email'}
user:RDM0115,device:PC-1480,{'event_type': 'email'}
user:CWB0065,device:PC-4621,{'event_type': 'email'}
user:DOL0332,device:PC-1109,{'event_type': 'email'}
user:BLL0929,device:PC-7375,{'event_type': 'email'}
user:ACC0042,device:PC-0908,{'event_type': 'email'}
user:SBD0913,device:PC-0262,{'event_type': 'email'}
user:MSO0222,device:PC-2524,{'event_type': 'email'}
user:JSH0330,device:PC-5423,{'event_type': 'email'}
user:QNP0216,device:PC-9564,{'event_type': 'email'}
user:CCA0046,device:PC-8865,{'event_type': 'email'}
user:EIS0041,device:PC-9255,{'event_type': 'email'}
user:BAL0044,device:PC-5179,{'event_type': 'email'}
user:OMM0944,device:PC-0378,{'event_type': 'email'}
user:JGM0934,device:PC-3301,{'event_type': 'email'}
user:DVM0265,device:PC-3324,{'event_type': 'email'}
user:SGM0021,device:PC-1528,{'event_type': 'email'}
user:KBP0008,device:PC-3851,{'event_type': 'email'}
user:CCH0182,device:PC-0514,{'event_type': 'email'}
user:KCF0045,device:PC-8845,{'event_type': 'email'}
user:WXH0872,device:PC-9460,{'event_type': 'email'}
user:MKP0861,device:PC-7614,{'event_type': 'email'}
user:RAR0725,device:PC-4159,{'event_type': 'email'}
user:DIW0118,device:PC-0174,{'event_type': 'email'}
user:AMV0036,device:PC-8397,{'event_type': 'email'}
user:GNZ0953,device:PC-3814,{'event_type': 'email'}
user:IBB0696,device:PC-4289,{'event_type': 'email'}
user:WBC0315,device:PC-0215,{'event_type': 'email'}
user:YCE0983,device:PC-3764,{'event_type': 'email'}
user:CLF0852,device:PC-0647,{'event_type': 'email'}
user:KNB0022,device:PC-9873,{'event_type': 'email'}
user:KCS0173,device:PC-5117,{'event_type': 'email'}
user:POB0343,device:PC-5864,{'event_type': 'email'}
user:EWH0191,device:PC-4545,{'event_type': 'email'}
user:JIM0095,device:PC-9328,{'event_type': 'email'}
user:COM0321,device:PC-3567,{'event_type': 'email'}
user:MAS0025,device:PC-2512,{'event_type': 'email'}
user:PLH0862,device:PC-9669,{'event_type': 'email'}
user:LOF0311,device:PC-6105,{'event_type': 'email'}
user:LTS0860,device:PC-1651,{'event_type': 'email'}
user:WAS0254,device:PC-0470,{'event_type': 'email'}
user:IJW0851,device:PC-5552,{'event_type': 'email'}
user:IIA0092,device:PC-2552,{'event_type': 'email'}
user:AGB0186,device:PC-8410,{'event_type': 'email'}
user:AMR0318,device:PC-6239,{'event_type': 'email'}
user:JMB0308,device:PC-0814,{'event_type': 'email'}
user:YDN0198,device:PC-5376,{'event_type': 'email'}
user:BTL0722,device:PC-2843,{'event_type': 'email'}
user:MES0407,device:PC-8827,{'event_type': 'email'}
user:MKG0711,device:PC-2368,{'event_type': 'email'}
user:BEH0615,device:PC-9461,{'event_type': 'email'}
user:EBC0390,device:PC-8830,{'event_type': 'email'}
user:CCC0393,device:PC-8610,{'event_type': 'email'}
user:HDD0789,device:PC-4518,{'event_type': 'email'}
user:NKH0979,device:PC-6643,{'event_type': 'email'}
user:DTT0076,device:PC-9973,{'event_type': 'email'}
user:WBC0192,device:PC-6349,{'event_type': 'email'}
user:RKD0604,device:PC-9379,{'event_type': 'email'}
user:MAH0864,device:PC-2024,{'event_type': 'email'}
user:RJB0088,device:PC-3424,{'event_type': 'email'}
user:JRG0207,device:PC-8908,{'event_type': 'email'}
user:KJW0416,device:PC-4955,{'event_type': 'email'}
user:LOM0086,device:PC-9087,{'event_type': 'email'}
user:MCJ0324,device:PC-7595,{'event_type': 'email'}
user:JOL0024,device:PC-2094,{'event_type': 'email'}
user:SCF0608,device:PC-8864,{'event_type': 'email'}
user:HBO0413,device:PC-7384,{'event_type': 'email'}
user:SSG0250,device:PC-6809,{'event_type': 'email'}
user:JMH0543,device:PC-7345,{'event_type': 'email'}
user:LLV0602,device:PC-5562,{'event_type': 'email'}
user:ENC0234,device:PC-7145,{'event_type': 'email'}
user:HKB0418,device:PC-3651,{'event_type': 'email'}
user:ZSK0258,device:PC-0461,{'event_type': 'email'}
user:GCR0554,device:PC-0191,{'event_type': 'email'}
user:AKW0167,device:PC-7109,{'event_type': 'email'}
user:ECL0930,device:PC-8127,{'event_type': 'email'}
user:CFW0264,device:PC-4711,{'event_type': 'email'}
user:NCK0421,device:PC-6960,{'event_type': 'email'}
user:JBD0616,device:PC-1479,{'event_type': 'email'}
user:RGG0064,device:PC-8859,{'event_type': 'email'}
user:AIP0982,device:PC-3733,{'event_type': 'email'}
user:CAB0614,device:PC-6638,{'event_type': 'email'}
user:AIP0394,device:PC-3942,{'event_type': 'email'}
user:PPF0435,device:PC-1809,{'event_type': 'email'}
user:KWE0082,device:PC-1933,{'event_type': 'email'}
user:AJH0175,device:PC-3815,{'event_type': 'email'}
user:NJB0243,device:PC-3752,{'event_type': 'email'}
user:WAB0143,device:PC-8014,{'event_type': 'email'}
user:NRD0548,device:PC-4527,{'event_type': 'email'}
user:KES0729,device:PC-0795,{'event_type': 'email'}
user:MLP0668,device:PC-0772,{'event_type': 'email'}
user:BLS0678,device:PC-6031,{'event_type': 'email'}
user:PBP0002,device:PC-4071,{'event_type': 'email'}
user:EHR0096,device:PC-5508,{'event_type': 'email'}
user:SDF0017,device:PC-1476,{'event_type': 'email'}
user:KPR0497,device:PC-2511,{'event_type': 'email'}
user:DLS0383,device:PC-0120,{'event_type': 'email'}
user:TSM0363,device:PC-5735,{'event_type': 'email'}
user:KNG0672,device:PC-4405,{'event_type': 'email'}
user:CAA0612,device:PC-1289,{'event_type': 'email'}
user:ALD0544,device:PC-7552,{'event_type': 'email'}
user:CUD0795,device:PC-7779,{'event_type': 'email'}
user:UCS0227,device:PC-6310,{'event_type': 'email'}
user:CSH0626,device:PC-6016,{'event_type': 'email'}
user:KAT0270,device:PC-7146,{'event_type': 'email'}
user:HIW0536,device:PC-5425,{'event_type': 'email'}
user:JCG0316,device:PC-9245,{'event_type': 'email'}
user:HRB0351,device:PC-0697,{'event_type': 'email'}
user:PGC0066,device:PC-8296,{'event_type': 'email'}
user:PGO0433,device:PC-7770,{'event_type': 'email'}
user:DSB0731,device:PC-9254,{'event_type': 'email'}
user:TJD0996,device:PC-7107,{'event_type': 'email'}
user:DFH0188,device:PC-0205,{'event_type': 'email'}
user:JLM0364,device:PC-3791,{'event_type': 'email'}
user:CNE0352,device:PC-2766,{'event_type': 'email'}
user:GQP0743,device:PC-8354,{'event_type': 'email'}
user:MYD0978,device:PC-3401,{'event_type': 'email'}
user:TDJ0998,device:PC-7508,{'event_type': 'email'}
user:BAH0875,device:PC-1377,{'event_type': 'email'}
user:NAB0801,device:PC-6288,{'event_type': 'email'}
user:CTW0500,device:PC-9777,{'event_type': 'email'}
user:DPS0262,device:PC-8916,{'event_type': 'email'}
user:NMC0486,device:PC-4455,{'event_type': 'email'}
user:AJF0370,device:PC-8651,{'event_type': 'email'}
user:PKB0429,device:PC-1521,{'event_type': 'email'}
user:LEM0605,device:PC-0967,{'event_type': 'email'}
user:LDB0090,device:PC-6824,{'event_type': 'email'}
user:AMR0400,device:PC-2266,{'event_type': 'email'}
user:CSB0080,device:PC-0731,{'event_type': 'email'}
user:RGN0408,device:PC-3687,{'event_type': 'email'}
user:MGS0974,device:PC-0351,{'event_type': 'email'}
user:JRS0362,device:PC-5053,{'event_type': 'email'}
user:MPM0220,device:PC-2344,{'event_type': 'email'}
user:ETR0428,device:PC-0508,{'event_type': 'email'}
user:CBG0490,device:PC-3005,{'event_type': 'email'}
user:XHW0498,device:PC-9840,{'event_type': 'email'}
user:KWC0004,device:PC-2017,{'event_type': 'email'}
user:KSP0357,device:PC-8331,{'event_type': 'email'}
user:WKF0012,device:PC-9966,{'event_type': 'email'}
user:RTO0313,device:PC-3311,{'event_type': 'email'}
user:AHM0410,device:PC-3686,{'event_type': 'email'}
user:SPA0141,device:PC-2560,{'event_type': 'email'}
user:FAW0032,device:PC-5866,{'event_type': 'email'}
user:MCT0720,device:PC-4952,{'event_type': 'email'}
user:NAF0033,device:PC-7609,{'event_type': 'email'}
user:CKH0144,device:PC-1893,{'event_type': 'email'}
user:GCC0945,device:PC-6694,{'event_type': 'email'}
user:DLF0377,device:PC-4368,{'event_type': 'email'}
user:HLM0933,device:PC-5242,{'event_type': 'email'}
user:IDO0176,device:PC-7886,{'event_type': 'email'}
user:CGA0629,device:PC-5660,{'event_type': 'email'}
user:JER0404,device:PC-0928,{'event_type': 'email'}
user:OLF0504,device:PC-7774,{'event_type': 'email'}
user:AAE0190,device:PC-8915,{'event_type': 'email'}
user:HJA0018,device:PC-3985,{'event_type': 'email'}
user:LIM0674,device:PC-9582,{'event_type': 'email'}
user:AKF0709,device:PC-8806,{'event_type': 'email'}
user:CKB0482,device:PC-7528,{'event_type': 'email'}
user:BIH0745,device:PC-2661,{'event_type': 'email'}
user:ORG0339,device:PC-8252,{'event_type': 'email'}
user:IMG0320,device:PC-0422,{'event_type': 'email'}
user:KVS0425,device:PC-3296,{'event_type': 'email'}
user:AIB0948,device:PC-8245,{'event_type': 'email'}
user:JTM0223,device:PC-9681,{'event_type': 'email'}
user:SOG0411,device:PC-9390,{'event_type': 'email'}
user:ASS0206,device:PC-5276,{'event_type': 'email'}
user:IJM0776,device:PC-0198,{'event_type': 'email'}
user:RAS0432,device:PC-9108,{'event_type': 'email'}
user:ROB0272,device:PC-6933,{'event_type': 'email'}
user:ORM0669,device:PC-4860,{'event_type': 'email'}
user:ARL0034,device:PC-9080,{'event_type': 'email'}
user:TRK0914,device:PC-6523,{'event_type': 'email'}
user:IAT0263,device:PC-4032,{'event_type': 'email'}
user:MIC0726,device:PC-9791,{'event_type': 'email'}
user:DAL0673,device:PC-9156,{'event_type': 'email'}
user:DGM0754,device:PC-0728,{'event_type': 'email'}
user:RDT0424,device:PC-3742,{'event_type': 'email'}
user:DBW0483,device:PC-3451,{'event_type': 'email'}
user:JJH0613,device:PC-9171,{'event_type': 'email'}
user:IRT0491,device:PC-3285,{'event_type': 'email'}
user:BBH0810,device:PC-3014,{'event_type': 'email'}
user:NSS0876,device:PC-5910,{'event_type': 'email'}
user:RVF0201,device:PC-7899,{'event_type': 'email'}
user:WJD0576,device:PC-1532,{'event_type': 'email'}
user:KAC0124,device:PC-8190,{'event_type': 'email'}
user:BCR0581,device:PC-0616,{'event_type': 'email'}
user:FRB0023,device:PC-9874,{'event_type': 'email'}
user:KKS0119,device:PC-0322,{'event_type': 'email'}
user:BMC0547,device:PC-3629,{'event_type': 'email'}
user:LCB0664,device:PC-3196,{'event_type': 'email'}
user:CKB0427,device:PC-2709,{'event_type': 'email'}
user:TLM0797,device:PC-4577,{'event_type': 'email'}
user:HTH0007,device:PC-8851,{'event_type': 'email'}
user:MCS0035,device:PC-9367,{'event_type': 'email'}
user:UAD0771,device:PC-2499,{'event_type': 'email'}
user:OKB0439,device:PC-3465,{'event_type': 'email'}
user:TVS0006,device:PC-5873,{'event_type': 'email'}
user:SKG0759,device:PC-2662,{'event_type': 'email'}
user:KMW0545,device:PC-3962,{'event_type': 'email'}
user:TSM0927,device:PC-7733,{'event_type': 'email'}
user:PRM0740,device:PC-1017,{'event_type': 'email'}
user:UFK0208,device:PC-3343,{'event_type': 'email'}
user:KRL0062,device:PC-5595,{'event_type': 'email'}
user:HCS0003,device:PC-3054,{'event_type': 'email'}
user:LHN0151,device:PC-6305,{'event_type': 'email'}
user:MMG0943,device:PC-2370,{'event_type': 'email'}
user:CWR0502,device:PC-3737,{'event_type': 'email'}
user:AAN0823,device:PC-7708,{'event_type': 'email'}
user:HRW0550,device:PC-3738,{'event_type': 'email'}
user:GTD0219,device:PC-6425,{'event_type': 'email'}
user:DMG0358,device:PC-9687,{'event_type': 'email'}
user:VMJ0546,device:PC-9000,{'event_type': 'email'}
user:KAL0395,device:PC-0004,{'event_type': 'email'}
user:WTF0387,device:PC-6159,{'event_type': 'email'}
user:EGD0409,device:PC-3263,{'event_type': 'email'}
user:BDB0453,device:PC-1949,{'event_type': 'email'}
user:GOK0238,device:PC-0039,{'event_type': 'email'}
user:JCR0770,device:PC-8711,{'event_type': 'email'}
user:BJH0811,device:PC-0969,{'event_type': 'email'}
user:DGW0752,device:PC-5090,{'event_type': 'email'}
user:CMM0487,device:PC-9800,{'event_type': 'email'}
user:SLB0049,device:PC-6402,{'event_type': 'email'}
user:EMW0772,device:PC-6035,{'event_type': 'email'}
user:RMW0542,device:PC-7543,{'event_type': 'email'}
user:WSR0241,device:PC-3142,{'event_type': 'email'}
user:MMB0488,device:PC-6251,{'event_type': 'email'}
user:SER0165,device:PC-7309,{'event_type': 'email'}
user:KQC0708,device:PC-1622,{'event_type': 'email'}
user:MPT0376,device:PC-7408,{'event_type': 'email'}
user:FBA0348,device:PC-8486,{'event_type': 'email'}
user:ANP0555,device:PC-6173,{'event_type': 'email'}
user:ARA0252,device:PC-4886,{'event_type': 'email'}
user:VAA0087,device:PC-3020,{'event_type': 'email'}
user:SGG0787,device:PC-3953,{'event_type': 'email'}
user:RNL0695,device:PC-6581,{'event_type': 'email'}
user:EHD0584,device:PC-8669,{'event_type': 'email'}
user:MSS0001,device:PC-3952,{'event_type': 'email'}
user:MKW0441,device:PC-1795,{'event_type': 'email'}
user:RDM0150,device:PC-4600,{'event_type': 'email'}
user:SVS0871,device:PC-2335,{'event_type': 'email'}
user:NBC0412,device:PC-7207,{'event_type': 'email'}
user:NKP0236,device:PC-5010,{'event_type': 'email'}
user:LHL0309,device:PC-5289,{'event_type': 'email'}
user:KCB0815,device:PC-0426,{'event_type': 'email'}
user:ABC0253,device:PC-2777,{'event_type': 'email'}
user:PDH0716,device:PC-0379,{'event_type': 'email'}
user:PDW0259,device:PC-8804,{'event_type': 'email'}
user:ASS0517,device:PC-2271,{'event_type': 'email'}
user:KJP0371,device:PC-2124,{'event_type': 'email'}
user:MSH0040,device:PC-5799,{'event_type': 'email'}
user:PEV0323,device:PC-7236,{'event_type': 'email'}
user:THR0873,device:PC-4804,{'event_type': 'email'}
user:KSP0966,device:PC-6985,{'event_type': 'email'}
user:NCH0179,device:PC-3695,{'event_type': 'email'}
user:HXL0968,device:PC-0623,{'event_type': 'email'}
user:JJB0127,device:PC-7931,{'event_type': 'email'}
user:TCD0009,device:PC-6263,{'event_type': 'email'}
user:AAS0442,device:PC-1039,{'event_type': 'email'}
user:GRM0868,device:PC-8443,{'event_type': 'email'}
user:CHG0146,device:PC-0780,{'event_type': 'email'}
user:GLR0975,device:PC-5468,{'event_type': 'email'}
user:SAB0781,device:PC-8466,{'event_type': 'email'}
user:HCC0344,device:PC-2768,{'event_type': 'email'}
user:VFM0814,device:PC-0982,{'event_type': 'email'}
user:PTH0552,device:PC-0800,{'event_type': 'email'}
user:DIC0988,device:PC-5454,{'event_type': 'email'}
user:ENL0100,device:PC-3494,{'event_type': 'email'}
user:BMG0917,device:PC-6688,{'event_type': 'email'}
user:HIA0414,device:PC-6971,{'event_type': 'email'}
user:DZC0228,device:PC-7478,{'event_type': 'email'}
user:RBB0485,device:PC-3093,{'event_type': 'email'}
user:SBH0537,device:PC-2139,{'event_type': 'email'}
user:CPG0322,device:PC-4905,{'event_type': 'email'}
user:SCB0534,device:PC-5764,{'event_type': 'email'}
user:PIS0522,device:PC-5648,{'event_type': 'email'}
user:LJB0826,device:PC-7160,{'event_type': 'email'}
user:JCW0858,device:PC-2381,{'event_type': 'email'}
user:SAA0999,device:PC-4559,{'event_type': 'email'}
user:JGT0221,device:PC-2948,{'event_type': 'email'}
user:CAM0102,device:PC-6247,{'event_type': 'email'}
user:PMJ0564,device:PC-0741,{'event_type': 'email'}
user:LHB0606,device:PC-4390,{'event_type': 'email'}
user:DBG0261,device:PC-6692,{'event_type': 'email'}
user:TET0621,device:PC-5252,{'event_type': 'email'}
user:LAM0911,device:PC-8871,{'event_type': 'email'}
user:MHA0798,device:PC-0118,{'event_type': 'email'}
user:HOB0994,device:PC-7880,{'event_type': 'email'}
user:LPC0492,device:PC-6156,{'event_type': 'email'}
user:OLW0689,device:PC-1301,{'event_type': 'email'}
user:SAK0375,device:PC-1745,{'event_type': 'email'}
user:NBH0256,device:PC-5852,{'event_type': 'email'}
user:SMY0792,device:PC-5923,{'event_type': 'email'}
user:TTD1000,device:PC-8758,{'event_type': 'email'}
user:HKR0628,device:PC-6269,{'event_type': 'email'}
user:WKD0013,device:PC-1837,{'event_type': 'email'}
user:SOF0808,device:PC-6266,{'event_type': 'email'}
user:SGS0268,device:PC-0777,{'event_type': 'email'}
user:JNA0559,device:PC-9423,{'event_type': 'email'}
user:JFC0557,device:PC-9179,{'event_type': 'email'}
user:PID0426,device:PC-9427,{'event_type': 'email'}
user:GCL0016,device:PC-9408,{'event_type': 'email'}
user:VCC0396,device:PC-4582,{'event_type': 'email'}
user:FRL0511,device:PC-2191,{'event_type': 'email'}
user:WGS0516,device:PC-0389,{'event_type': 'email'}
user:CCW0031,device:PC-6286,{'event_type': 'email'}
user:CEL0561,device:PC-8462,{'event_type': 'email'}
user:ILC0838,device:PC-7400,{'event_type': 'email'}
user:PMC0328,device:PC-7219,{'event_type': 'email'}
user:FRR0832,device:PC-0751,{'event_type': 'email'}
user:LUR0896,device:PC-9067,{'event_type': 'email'}
user:ILJ0526,device:PC-7275,{'event_type': 'email'}
user:ECR0822,device:PC-0779,{'event_type': 'email'}
user:GQF0659,device:PC-1307,{'event_type': 'email'}
user:MAH0149,device:PC-6756,{'event_type': 'email'}
user:FBW0747,device:PC-2349,{'event_type': 'email'}
user:GTD0116,device:PC-5312,{'event_type': 'email'}
user:CAS0507,device:PC-8739,{'event_type': 'email'}
user:OKC0107,device:PC-3932,{'event_type': 'email'}
user:JDB0169,device:PC-7502,{'event_type': 'email'}
user:UIR0043,device:PC-9110,{'event_type': 'email'}
user:SED0886,device:PC-6221,{'event_type': 'email'}
user:VTT0385,device:PC-5027,{'event_type': 'email'}
user:KJA0152,device:PC-6956,{'event_type': 'email'}
user:SSR0278,device:PC-5083,{'event_type': 'email'}
user:IBB0359,device:PC-4195,{'event_type': 'email'}
user:FQA0854,device:PC-2582,{'event_type': 'email'}
user:PAD0773,device:PC-3959,{'event_type': 'email'}
user:BLB0114,device:PC-5391,{'event_type': 'email'}
user:FSB0399,device:PC-1275,{'event_type': 'email'}
user:BBG0325,device:PC-6609,{'event_type': 'email'}
user:IBM0671,device:PC-4633,{'event_type': 'email'}
user:HBB0056,device:PC-1281,{'event_type': 'email'}
user:AMM0014,device:PC-7052,{'event_type': 'email'}
user:CYA0506,device:PC-6538,{'event_type': 'email'}
user:TAP0551,device:PC-7623,{'event_type': 'email'}
user:QPM0727,device:PC-3406,{'event_type': 'email'}
user:HRL0540,device:PC-1117,{'event_type': 'email'}
user:ICH0294,device:PC-8526,{'event_type': 'email'}
user:GMF0738,device:PC-4204,{'event_type': 'email'}
user:AKR0057,device:PC-2879,{'event_type': 'email'}
user:MAW0166,device:PC-2143,{'event_type': 'email'}
user:RVC0232,device:PC-4469,{'event_type': 'email'}
user:VIA0063,device:PC-2684,{'event_type': 'email'}
user:BYP0070,device:PC-6621,{'event_type': 'email'}
user:KJS0618,device:PC-0133,{'event_type': 'email'}
user:HPM0986,device:PC-0092,{'event_type': 'email'}
user:CFM0767,device:PC-4259,{'event_type': 'email'}
user:DPM0423,device:PC-2567,{'event_type': 'email'}
user:TEB0251,device:PC-6913,{'event_type': 'email'}
user:CAH0936,device:PC-2276,{'event_type': 'email'}
user:IBP0883,device:PC-8494,{'event_type': 'email'}
user:HGN0287,device:PC-7865,{'event_type': 'email'}
user:JTS0389,device:PC-9931,{'event_type': 'email'}
user:CEB0210,device:PC-8793,{'event_type': 'email'}
user:UCH0519,device:PC-9827,{'event_type': 'email'}
user:ACV0812,device:PC-2550,{'event_type': 'email'}
user:JML0909,device:PC-0724,{'event_type': 'email'}
user:CSP0197,device:PC-9358,{'event_type': 'email'}
user:SDB0106,device:PC-2046,{'event_type': 'email'}
user:LCC0819,device:PC-8192,{'event_type': 'email'}
user:NWT0098,device:PC-4667,{'event_type': 'email'}
user:AIH0675,device:PC-6009,{'event_type': 'email'}
user:KBB0189,device:PC-4524,{'event_type': 'email'}
user:MBG0438,device:PC-6157,{'event_type': 'email'}
user:OCS0865,device:PC-8309,{'event_type': 'email'}
user:DBS0235,device:PC-1590,{'event_type': 'email'}
user:SHW0578,device:PC-7091,{'event_type': 'email'}
user:SAP0867,device:PC-8149,{'event_type': 'email'}
user:LJR0523,device:PC-5162,{'event_type': 'email'}
user:YEV0793,device:PC-0391,{'event_type': 'email'}
user:BHC0665,device:PC-6706,{'event_type': 'email'}
user:PNH0761,device:PC-0365,{'event_type': 'email'}
user:BMS0877,device:PC-2904,{'event_type': 'email'}
user:RCC0617,device:PC-8214,{'event_type': 'email'}
user:TSG0906,device:PC-0669,{'event_type': 'email'}
user:HFB0347,device:PC-0524,{'event_type': 'email'}
user:NGO0690,device:PC-7031,{'event_type': 'email'}
user:CSL0949,device:PC-6544,{'event_type': 'email'}
user:NCO0666,device:PC-6519,{'event_type': 'email'}
user:EIP0997,device:PC-8404,{'event_type': 'email'}
user:CEJ0109,device:PC-6980,{'event_type': 'email'}
user:ONW0083,device:PC-1980,{'event_type': 'email'}
user:EJW0884,device:PC-0335,{'event_type': 'email'}
user:IEB0153,device:PC-4040,{'event_type': 'email'}
user:ASG0692,device:PC-0164,{'event_type': 'email'}
user:WVB0539,device:PC-7243,{'event_type': 'email'}
user:HDS0367,device:PC-8680,{'event_type': 'email'}
user:TSR0676,device:PC-9227,{'event_type': 'email'}
user:CRD0624,device:PC-0441,{'event_type': 'email'}
user:DTP0379,device:PC-4861,{'event_type': 'email'}
user:LQP0508,device:PC-3233,{'event_type': 'email'}
user:USH0199,device:PC-3581,{'event_type': 'email'}
user:ESH0283,device:PC-1611,{'event_type': 'email'}
user:BAJ0654,device:PC-9268,{'event_type': 'email'}
user:BJM0111,device:PC-6866,{'event_type': 'email'}
user:SRS0231,device:PC-3684,{'event_type': 'email'}
user:BIS0247,device:PC-9324,{'event_type': 'email'}
user:FTM0406,device:PC-1786,{'event_type': 'email'}
user:FHO0630,device:PC-9999,{'event_type': 'email'}
user:EIM0156,device:PC-1874,{'event_type': 'email'}
user:BSB0990,device:PC-8932,{'event_type': 'email'}
user:ARB0881,device:PC-0839,{'event_type': 'email'}
user:HSD0457,device:PC-3622,{'event_type': 'email'}
user:JPA0667,device:PC-6034,{'event_type': 'email'}
user:HCL0113,device:PC-6779,{'event_type': 'email'}
user:WTR0563,device:PC-7572,{'event_type': 'email'}
user:ILH0958,device:PC-2181,{'event_type': 'email'}
user:CCH0685,device:PC-7039,{'event_type': 'email'}
user:ASG0048,device:PC-0427,{'event_type': 'email'}
user:MNS0224,device:PC-8874,{'event_type': 'email'}
user:LMF0980,device:PC-1485,{'event_type': 'email'}
user:DCC0160,device:PC-3839,{'event_type': 'email'}
user:GCG0951,device:PC-4704,{'event_type': 'email'}
user:RRP0568,device:PC-3735,{'event_type': 'email'}
user:MDM0625,device:PC-4984,{'event_type': 'email'}
user:CCM0855,device:PC-5382,{'event_type': 'email'}
user:HSG0818,device:PC-1849,{'event_type': 'email'}
user:MHG0244,device:PC-9988,{'event_type': 'email'}
user:BKW0374,device:PC-5186,{'event_type': 'email'}
user:OCB0805,device:PC-1841,{'event_type': 'email'}
user:JAV0361,device:PC-0253,{'event_type': 'email'}
user:EMS0317,device:PC-9647,{'event_type': 'email'}
user:BTW0005,device:PC-2915,{'event_type': 'email'}
user:RKF0164,device:PC-4418,{'event_type': 'email'}
user:AJP0723,device:PC-1182,{'event_type': 'email'}
user:GNS0178,device:PC-6846,{'event_type': 'email'}
user:MVH0373,device:PC-1940,{'event_type': 'email'}
user:GRC0145,device:PC-4136,{'event_type': 'email'}
user:AJN0607,device:PC-8303,{'event_type': 'email'}
user:ASB0796,device:PC-1130,{'event_type': 'email'}
user:MTT0901,device:PC-2775,{'event_type': 'email'}
user:AKK0329,device:PC-2072,{'event_type': 'email'}
user:FXF0957,device:PC-4176,{'event_type': 'email'}
user:SBN0495,device:PC-9658,{'event_type': 'email'}
user:NRO0768,device:PC-5845,{'event_type': 'email'}
user:NNS0059,device:PC-5081,{'event_type': 'email'}
user:HPR0585,device:PC-8505,{'event_type': 'email'}
user:CKP0721,device:PC-8097,{'event_type': 'email'}
user:JAM0382,device:PC-1805,{'event_type': 'email'}
user:FLM0213,device:PC-8453,{'event_type': 'email'}
user:TOR0193,device:PC-1283,{'event_type': 'email'}
user:IYB0918,device:PC-6119,{'event_type': 'email'}
user:QSV0778,device:PC-5952,{'event_type': 'email'}
user:SIJ0661,device:PC-6175,{'event_type': 'email'}
user:SXM0895,device:PC-5673,{'event_type': 'email'}
user:QCH0110,device:PC-7470,{'event_type': 'email'}
user:BSH0445,device:PC-6194,{'event_type': 'email'}
user:BCM0653,device:PC-5717,{'event_type': 'email'}
user:ABH0663,device:PC-4556,{'event_type': 'email'}
user:SAT0194,device:PC-8148,{'event_type': 'email'}
user:KLM0639,device:PC-7387,{'event_type': 'email'}
user:ELH0960,device:PC-7775,{'event_type': 'email'}
user:GHL0460,device:PC-6255,{'event_type': 'email'}
user:DID0650,device:PC-0444,{'event_type': 'email'}
user:OHC0973,device:PC-0745,{'event_type': 'email'}
user:JSA0775,device:PC-3587,{'event_type': 'email'}
user:CKD0680,device:PC-6282,{'event_type': 'email'}
user:KKW0879,device:PC-2531,{'event_type': 'email'}
user:JMW0638,device:PC-1397,{'event_type': 'email'}
user:ELT0769,device:PC-6632,{'event_type': 'email'}
user:HCL0651,device:PC-8314,{'event_type': 'email'}
user:LQC0479,device:PC-6380,{'event_type': 'email'}
user:ABN0239,device:PC-9523,{'event_type': 'email'}
user:AJR0932,device:PC-4748,{'event_type': 'email'}
user:SAC0687,device:PC-5299,{'event_type': 'email'}
user:EFS0882,device:PC-0642,{'event_type': 'email'}
user:WIF0691,device:PC-6390,{'event_type': 'email'}
user:OLB0749,device:PC-0467,{'event_type': 'email'}
user:FHS0837,device:PC-9747,{'event_type': 'email'}
user:SSH0799,device:PC-0902,{'event_type': 'email'}
user:CIM0926,device:PC-3201,{'event_type': 'email'}
user:DMM0623,device:PC-5383,{'event_type': 'email'}
user:FSC0601,device:PC-9066,{'event_type': 'email'}
user:PLH0715,device:PC-0653,{'event_type': 'email'}
user:NCK0295,device:PC-4895,{'event_type': 'email'}
user:EAH0466,device:PC-3579,{'event_type': 'email'}
user:CJV0286,device:PC-6566,{'event_type': 'email'}
user:EDB0714,device:PC-6103,{'event_type': 'email'}
user:DDA0476,device:PC-1593,{'event_type': 'email'}
user:NKH0807,device:PC-3000,{'event_type': 'email'}
user:PES0085,device:PC-3605,{'event_type': 'email'}
user:CQW0652,device:PC-3449,{'event_type': 'email'}
user:DLH0029,device:PC-9711,{'event_type': 'email'}
user:BTN0061,device:PC-3682,{'event_type': 'email'}
user:AHD0848,device:PC-7751,{'event_type': 'email'}
user:EPW0434,device:PC-4560,{'event_type': 'email'}
user:JCV0245,device:PC-9136,{'event_type': 'email'}
user:SMW0084,device:PC-8396,{'event_type': 'email'}
user:GTD0898,device:PC-5066,{'event_type': 'email'}
user:LFS0071,device:PC-9292,{'event_type': 'email'}
user:HWW0436,device:PC-8391,{'event_type': 'email'}
user:ADF0397,device:PC-7527,{'event_type': 'email'}
user:BJH0354,device:PC-1332,{'event_type': 'email'}
user:NAR0981,device:PC-6183,{'event_type': 'email'}
user:THD0448,device:PC-9979,{'event_type': 'email'}
user:ICS0956,device:PC-7702,{'event_type': 'email'}
user:FKB0163,device:PC-5087,{'event_type': 'email'}
user:RNP0211,device:PC-1736,{'event_type': 'email'}
user:SBN0866,device:PC-8714,{'event_type': 'email'}
user:HAV0121,device:PC-2123,{'event_type': 'email'}
user:AWM0764,device:PC-6786,{'event_type': 'email'}
user:CTA0020,device:PC-3118,{'event_type': 'email'}
user:EMB0531,device:PC-7998,{'event_type': 'email'}
user:CRK0916,device:PC-6417,{'event_type': 'email'}
user:MLD0755,device:PC-6233,{'event_type': 'email'}
user:KDS0349,device:PC-1478,{'event_type': 'email'}
user:ARB0834,device:PC-0320,{'event_type': 'email'}
user:ASD0577,device:PC-6601,{'event_type': 'email'}
user:PSF0133,device:PC-4925,{'event_type': 'email'}
user:BBS0422,device:PC-4551,{'event_type': 'email'}
user:HCW0419,device:PC-3772,{'event_type': 'email'}
user:NDM0417,device:PC-9134,{'event_type': 'email'}
user:HMM0108,device:PC-8052,{'event_type': 'email'}
user:QNF0205,device:PC-0683,{'event_type': 'email'}
user:MHG0733,device:PC-7827,{'event_type': 'email'}
user:DGN0480,device:PC-9489,{'event_type': 'email'}
user:EZH0736,device:PC-4209,{'event_type': 'email'}
user:SEJ0677,device:PC-0507,{'event_type': 'email'}
user:ZSB0649,device:PC-5343,{'event_type': 'email'}
user:CGB0637,device:PC-8508,{'event_type': 'email'}
user:HGH0595,device:PC-7311,{'event_type': 'email'}
user:KMS0657,device:PC-4761,{'event_type': 'email'}
user:SAH0599,device:PC-8211,{'event_type': 'email'}
user:GCC0744,device:PC-3935,{'event_type': 'email'}
user:CJG0470,device:PC-2765,{'event_type': 'email'}
user:WPE0538,device:PC-5785,{'event_type': 'email'}
user:ECF0828,device:PC-8501,{'event_type': 'email'}
user:LJJ0905,device:PC-6264,{'event_type': 'email'}
user:OMS0101,device:PC-9507,{'event_type': 'email'}
user:MOP0763,device:PC-9782,{'event_type': 'email'}
user:RHL0992,device:PC-9040,{'event_type': 'email'}
user:AMD0077,device:PC-0330,{'event_type': 'email'}
user:KRL0501,device:PC-7206,{'event_type': 'email'}
user:WDD0366,device:PC-0155,{'event_type': 'email'}
user:SES0477,device:PC-6681,{'event_type': 'email'}
user:BEC0505,device:PC-3375,{'event_type': 'email'}
user:JXH0493,device:PC-0692,{'event_type': 'email'}
user:FFC0891,device:PC-5843,{'event_type': 'email'}
user:LDG0459,device:PC-5621,{'event_type': 'email'}
user:KPP0452,device:PC-3989,{'event_type': 'email'}
user:KBG0549,device:PC-0146,{'event_type': 'email'}
user:SDO0170,device:PC-0183,{'event_type': 'email'}
user:CJP0952,device:PC-7525,{'event_type': 'email'}
user:AQD0820,device:PC-8422,{'event_type': 'email'}
user:PKB0281,device:PC-2110,{'event_type': 'email'}
user:BMM0112,device:PC-5061,{'event_type': 'email'}
user:CCL0068,device:PC-7699,{'event_type': 'email'}
user:JKB0126,device:PC-1648,{'event_type': 'email'}
user:COF0120,device:PC-2559,{'event_type': 'email'}
user:MTB0620,device:PC-9348,{'event_type': 'email'}
user:UJC0737,device:PC-9612,{'event_type': 'email'}
user:ETR0177,device:PC-1436,{'event_type': 'email'}
user:ALH0402,device:PC-2119,{'event_type': 'email'}
user:HWY0038,device:PC-1474,{'event_type': 'email'}
user:AIS0405,device:PC-8105,{'event_type': 'email'}
user:IUY0279,device:PC-9140,{'event_type': 'email'}
user:GDF0704,device:PC-0377,{'event_type': 'email'}
user:SAC0592,device:PC-7310,{'event_type': 'email'}
user:LCD0622,device:PC-0235,{'event_type': 'email'}
user:RUM0880,device:PC-8592,{'event_type': 'email'}
user:JZD0888,device:PC-1572,{'event_type': 'email'}
user:SLP0762,device:PC-3922,{'event_type': 'email'}
user:BER0314,device:PC-8556,{'event_type': 'email'}
user:KJM0887,device:PC-7695,{'event_type': 'email'}
user:HWM0342,device:PC-4436,{'event_type': 'email'}
user:AAV0450,device:PC-6419,{'event_type': 'email'}
user:GAF0060,device:PC-4911,{'event_type': 'email'}
user:NLO0131,device:PC-6324,{'event_type': 'email'}
user:TQS0212,device:PC-4707,{'event_type': 'email'}
user:BJW0619,device:PC-9653,{'event_type': 'email'}
user:AAF0535,device:PC-2408,{'event_type': 'email'}
user:ZMC0284,device:PC-3947,{'event_type': 'email'}
user:MAD0753,device:PC-5338,{'event_type': 'email'}
user:WLV0566,device:PC-7162,{'event_type': 'email'}
user:QJR0688,device:PC-4835,{'event_type': 'email'}
user:IMB0481,device:PC-8761,{'event_type': 'email'}
user:RJM0381,device:PC-8800,{'event_type': 'email'}
user:CJF0802,device:PC-2940,{'event_type': 'email'}
user:DKB0631,device:PC-0818,{'event_type': 'email'}
user:SJO0209,device:PC-2731,{'event_type': 'email'}
user:GCS0518,device:PC-2125,{'event_type': 'email'}
user:XHG0902,device:PC-2813,{'event_type': 'email'}
user:KJG0910,device:PC-7082,{'event_type': 'email'}
user:SSS0345,device:PC-3543,{'event_type': 'email'}
user:HVF0067,device:PC-9939,{'event_type': 'email'}
user:ZFM0468,device:PC-6478,{'event_type': 'email'}
user:DHM0937,device:PC-7941,{'event_type': 'email'}
user:DMK0257,device:PC-1279,{'event_type': 'email'}
user:JFC0757,device:PC-1394,{'event_type': 'email'}
user:JOM0750,device:PC-8989,{'event_type': 'email'}
user:IBS0836,device:PC-6382,{'event_type': 'email'}
user:BSA0431,device:PC-2187,{'event_type': 'email'}
user:VMJ0147,device:PC-3873,{'event_type': 'email'}
user:MAR0955,device:PC-6793,{'event_type': 'email'}
user:HAM0985,device:PC-9010,{'event_type': 'email'}
user:ESH0135,device:PC-8816,{'event_type': 'email'}
user:RHY0079,device:PC-1896,{'event_type': 'email'}
user:KPC0073,device:PC-2638,{'event_type': 'email'}
user:BVN0514,device:PC-2763,{'event_type': 'email'}
user:TEM0977,device:PC-7401,{'event_type': 'email'}
user:CCM0467,device:PC-9850,{'event_type': 'email'}
user:WDO0870,device:PC-4690,{'event_type': 'email'}
user:RSC0089,device:PC-9929,{'event_type': 'email'}
user:RCP0785,device:PC-3467,{'event_type': 'email'}
user:CAM0681,device:PC-4953,{'event_type': 'email'}
user:MIL0255,device:PC-1107,{'event_type': 'email'}
user:AIM0627,device:PC-3297,{'event_type': 'email'}
user:RMS0266,device:PC-9183,{'event_type': 'email'}
user:CAC0889,device:PC-1941,{'event_type': 'email'}
user:AMH0794,device:PC-2574,{'event_type': 'email'}
user:DBB0384,device:PC-4243,{'event_type': 'email'}
user:CQH0730,device:PC-0532,{'event_type': 'email'}
user:HAH0760,device:PC-1038,{'event_type': 'email'}
user:KRG0158,device:PC-9770,{'event_type': 'email'}
user:RFP0380,device:PC-9219,{'event_type': 'email'}
user:BJP0134,device:PC-0898,{'event_type': 'email'}
user:RHO0732,device:PC-6232,{'event_type': 'email'}
user:HAC0282,device:PC-2674,{'event_type': 'email'}
user:ZJE0857,device:PC-9926,{'event_type': 'email'}
user:MSZ0310,device:PC-4411,{'event_type': 'email'}
user:DFR0218,device:PC-6634,{'event_type': 'email'}
user:AAW0353,device:PC-8732,{'event_type': 'email'}
user:CFG0959,device:PC-9094,{'event_type': 'email'}
user:FGW0853,device:PC-8055,{'event_type': 'email'}
user:HSP0290,device:PC-2439,{'event_type': 'email'}
user:CTR0697,device:PC-1282,{'event_type': 'email'}
user:MJM0510,device:PC-6612,{'event_type': 'email'}
user:AAM0658,device:PC-9923,{'event_type': 'email'}
user:YJV0699,device:PC-5329,{'event_type': 'email'}
user:KRM0541,device:PC-4722,{'event_type': 'email'}
user:CSC0217,device:PC-6377,{'event_type': 'email'}
user:JPW0741,device:PC-5762,{'event_type': 'email'}
user:CAB0388,device:PC-6165,{'event_type': 'email'}
user:MIB0904,device:PC-7811,{'event_type': 'email'}
user:IJR0825,device:PC-8560,{'event_type': 'email'}
user:HWH0646,device:PC-8087,{'event_type': 'email'}
user:HDL0748,device:PC-2441,{'event_type': 'email'}
user:LNR0656,device:PC-3505,{'event_type': 'email'}
user:BAK0964,device:PC-6755,{'event_type': 'email'}
user:CCR0863,device:PC-7342,{'event_type': 'email'}
user:JLW0053,device:PC-5833,{'event_type': 'email'}
user:GBM0603,device:PC-3785,{'event_type': 'email'}
user:JCR0921,device:PC-9473,{'event_type': 'email'}
user:LBC0356,device:PC-6250,{'event_type': 'email'}
user:SVL0803,device:PC-6020,{'event_type': 'email'}
user:BBS0039,device:PC-9436,{'event_type': 'email'}
user:LDM0587,device:PC-5012,{'event_type': 'email'}
user:BDV0168,device:PC-2464,{'event_type': 'email'}
user:IUB0565,device:PC-5775,{'event_type': 'email'}
user:GZB0469,device:PC-3887,{'event_type': 'email'}
user:XLB0710,device:PC-6637,{'event_type': 'email'}
user:MKL0941,device:PC-1246,{'event_type': 'email'}
user:ANM0123,device:PC-3845,{'event_type': 'email'}
user:HCV0478,device:PC-5977,{'event_type': 'email'}
user:OQH0183,device:PC-6602,{'event_type': 'email'}
user:SBQ0786,device:PC-2069,{'event_type': 'email'}
user:TLH0648,device:PC-1005,{'event_type': 'email'}
user:DEB0782,device:PC-6498,{'event_type': 'email'}
user:WNB0908,device:PC-0094,{'event_type': 'email'}
user:KBC0054,device:PC-0181,{'event_type': 'email'}
user:TDG0962,device:PC-2173,{'event_type': 'email'}
user:CBB0365,device:PC-5133,{'event_type': 'email'}
user:BNR0965,device:PC-2422,{'event_type': 'email'}
user:AJL0462,device:PC-7416,{'event_type': 'email'}
user:HGG0240,device:PC-1108,{'event_type': 'email'}
user:DJS0682,device:PC-5909,{'event_type': 'email'}
user:CJH0702,device:PC-8541,{'event_type': 'email'}
user:BWP0202,device:PC-7445,{'event_type': 'email'}
user:TLK0993,device:PC-2064,{'event_type': 'email'}
user:IKR0401,device:PC-6741,{'event_type': 'email'}
user:JJM0203,device:PC-0148,{'event_type': 'email'}
user:SNS0129,device:PC-5920,{'event_type': 'email'}
user:MVF0594,device:PC-9643,{'event_type': 'email'}
user:VEB0935,device:PC-3534,{'event_type': 'email'}
user:ZDW0859,device:PC-2066,{'event_type': 'email'}
user:BCB0679,device:PC-0290,{'event_type': 'email'}
user:HDH0928,device:PC-0252,{'event_type': 'email'}
user:DSM0591,device:PC-5518,{'event_type': 'email'}
user:CLD0894,device:PC-6260,{'event_type': 'email'}
user:CMW0783,device:PC-7102,{'event_type': 'email'}
user:YJF0532,device:PC-9549,{'event_type': 'email'}
user:MLL0598,device:PC-0189,{'event_type': 'email'}
user:MCF0327,device:PC-2164,{'event_type': 'email'}
user:UBF0645,device:PC-1813,{'event_type': 'email'}
user:DIB0081,device:PC-9524,{'event_type': 'email'}
user:LHB0967,device:PC-2996,{'event_type': 'email'}
user:XAA0104,device:PC-7435,{'event_type': 'email'}
user:KKC0683,device:PC-2690,{'event_type': 'email'}
user:MAE0331,device:PC-8591,{'event_type': 'email'}
user:TSB0437,device:PC-6807,{'event_type': 'email'}
user:RAH0440,device:PC-6610,{'event_type': 'email'}
user:NIH0969,device:PC-3978,{'event_type': 'email'}
user:KBL0260,device:PC-9706,{'event_type': 'email'}
user:RGH0728,device:PC-8568,{'event_type': 'email'}
user:NMF0780,device:PC-2343,{'event_type': 'email'}
user:DVW0103,device:PC-7174,{'event_type': 'email'}
user:SHR0334,device:PC-2924,{'event_type': 'email'}
user:EGK0893,device:PC-8318,{'event_type': 'email'}
user:SNC0187,device:PC-4753,{'event_type': 'email'}
user:HJB0742,device:PC-5635,{'event_type': 'email'}
user:CIM0271,device:PC-3291,{'event_type': 'email'}
user:BTR0403,device:PC-8277,{'event_type': 'email'}
user:ALD0529,device:PC-1187,{'event_type': 'email'}
user:VSS0154,device:PC-6055,{'event_type': 'email'}
user:BAM0611,device:PC-3620,{'event_type': 'email'}
user:FWM0707,device:PC-4011,{'event_type': 'email'}
user:DCH0843,device:PC-8720,{'event_type': 'email'}
user:TNM0961,device:PC-2030,{'event_type': 'email'}
user:OYM0026,device:PC-9261,{'event_type': 'email'}
user:JDF0593,device:PC-6301,{'event_type': 'email'}
user:KBS0874,device:PC-5106,{'event_type': 'email'}
user:CBG0398,device:PC-5927,{'event_type': 'email'}
user:BRM0995,device:PC-0768,{'event_type': 'email'}
user:BTS0011,device:PC-1232,{'event_type': 'email'}
user:AOS0987,device:PC-5702,{'event_type': 'email'}
user:RLG0856,device:PC-1998,{'event_type': 'email'}
user:CSJ0340,device:PC-1518,{'event_type': 'email'}
user:GJT0386,device:PC-5368,{'event_type': 'email'}
user:SCP0130,device:PC-2057,{'event_type': 'email'}
user:JMD0520,device:PC-1243,{'event_type': 'email'}
user:BTL0226,device:PC-4534,{'event_type': 'email'}
user:GAF0570,device:PC-0474,{'event_type': 'email'}
user:FMG0527,device:PC-4256,{'event_type': 'email'}
user:DGF0443,device:PC-1514,{'event_type': 'email'}
user:FEB0306,device:PC-7757,{'event_type': 'email'}
user:EDA0684,device:PC-2725,{'event_type': 'email'}
user:NNA0610,device:PC-1500,{'event_type': 'email'}
user:JMC0925,device:PC-9881,{'event_type': 'email'}
user:MVB0515,device:PC-3476,{'event_type': 'email'}
user:JKM0303,device:PC-1208,{'event_type': 'email'}
user:TMA0069,device:PC-1013,{'event_type': 'email'}
user:KAT0489,device:PC-7007,{'event_type': 'email'}
user:IMP0530,device:PC-1247,{'event_type': 'email'}
user:MIM0712,device:PC-1526,{'event_type': 'email'}
user:BAM0636,device:PC-8138,{'event_type': 'email'}
user:DOP0562,device:PC-2896,{'event_type': 'email'}
user:AAF0791,device:PC-7357,{'event_type': 'email'}
user:CJK0200,device:PC-0925,{'event_type': 'email'}
user:CXC0336,device:PC-5502,{'event_type': 'email'}
user:XBN0229,device:PC-7655,{'event_type': 'email'}
user:KVT0028,device:PC-8654,{'event_type': 'email'}
user:GCS0571,device:PC-8290,{'event_type': 'email'}
user:CCM0136,device:PC-3268,{'event_type': 'email'}
user:IWM0816,device:PC-8853,{'event_type': 'email'}
user:ZJS0269,device:PC-7019,{'event_type': 'email'}
user:HAH0248,device:PC-6027,{'event_type': 'email'}
user:CJM0138,device:PC-8619,{'event_type': 'email'}
user:TJG0582,device:PC-9311,{'event_type': 'email'}
user:NUL0471,device:PC-2085,{'event_type': 'email'}
user:SJF0094,device:PC-3559,{'event_type': 'email'}
user:KMB0922,device:PC-1725,{'event_type': 'email'}
user:SMB0804,device:PC-6988,{'event_type': 'email'}
user:CLB0774,device:PC-7029,{'event_type': 'email'}
user:TBT0461,device:PC-4679,{'event_type': 'email'}
user:AMH0464,device:PC-2059,{'event_type': 'email'}
user:LRW0970,device:PC-1620,{'event_type': 'email'}
user:VCY0751,device:PC-5337,{'event_type': 'email'}
user:JJH0292,device:PC-5941,{'event_type': 'email'}
user:OJK0233,device:PC-0603,{'event_type': 'email'}
user:NJC0705,device:PC-5456,{'event_type': 'email'}
user:JAD0609,device:PC-7879,{'event_type': 'email'}
user:ADC0391,device:PC-4729,{'event_type': 'email'}
user:TJB0302,device:PC-0044,{'event_type': 'email'}
user:ZCF0590,device:PC-4486,{'event_type': 'email'}
user:HCM0267,device:PC-7651,{'event_type': 'email'}
user:SOB0360,device:PC-6720,{'event_type': 'email'}
user:JIG0128,device:PC-4000,{'event_type': 'email'}
user:AOB0019,device:PC-4479,{'event_type': 'email'}
user:ASV0946,device:PC-2806,{'event_type': 'email'}
user:NHH0185,device:PC-3723,{'event_type': 'email'}
user:RNF0765,device:PC-5028,{'event_type': 'email'}
user:RYB0718,device:PC-4030,{'event_type': 'email'}
user:RSM0277,device:PC-2930,{'event_type': 'email'}
user:CNB0900,device:PC-7843,{'event_type': 'email'}
user:TYB0779,device:PC-5258,{'event_type': 'email'}
user:ESR0693,device:PC-8863,{'event_type': 'email'}
user:TEM0093,device:PC-3372,{'event_type': 'email'}
user:CRO0027,device:PC-0216,{'event_type': 'email'}
user:MNC0717,device:PC-7964,{'event_type': 'email'}
user:KDT0346,device:PC-7238,{'event_type': 'email'}
user:MJS0890,device:PC-5016,{'event_type': 'email'}
user:ASL0378,device:PC-5031,{'event_type': 'email'}
user:GZC0735,device:PC-8219,{'event_type': 'email'}
user:PGH0184,device:PC-7756,{'event_type': 'email'}
user:APG0307,device:PC-6381,{'event_type': 'email'}
user:MOS0047,device:PC-5820,{'event_type': 'email'}
user:RAG0275,device:PC-3094,{'event_type': 'email'}
user:NAB0903,device:PC-8239,{'event_type': 'email'}
user:CHM0821,device:PC-7933,{'event_type': 'email'}
user:ERH0449,device:PC-1389,{'event_type': 'email'}
user:CRP0456,device:PC-4328,{'event_type': 'email'}
user:JRL0574,device:PC-4386,{'event_type': 'email'}
user:LNS0989,device:PC-8884,{'event_type': 'email'}
user:LPH0572,device:PC-8507,{'event_type': 'email'}
user:NHE0919,device:PC-8457,{'event_type': 'email'}
user:WRM0963,device:PC-5082,{'event_type': 'email'}
user:OSH0655,device:PC-3998,{'event_type': 'email'}
user:SBK0161,device:PC-5599,{'event_type': 'email'}
user:MBJ0312,device:PC-5250,{'event_type': 'email'}
user:AKC0924,device:PC-0985,{'event_type': 'email'}
user:AKH0758,device:PC-7560,{'event_type': 'email'}
user:BXJ0010,device:PC-2231,{'event_type': 'email'}
user:TPH0474,device:PC-7264,{'event_type': 'email'}
user:RIH0777,device:PC-9508,{'event_type': 'email'}
user:FPC0954,device:PC-7839,{'event_type': 'email'}
user:RHC0335,device:PC-8144,{'event_type': 'email'}
user:KQS0415,device:PC-3124,{'event_type': 'email'}
user:CJC0494,device:PC-0072,{'event_type': 'email'}
user:IHK0841,device:PC-0177,{'event_type': 'email'}
user:AAL0706,device:PC-5282,{'event_type': 'email'}
user:FUM0015,device:PC-9208,{'event_type': 'email'}
user:HTF0641,device:PC-7965,{'event_type': 'email'}
user:JNJ0556,device:PC-0576,{'event_type': 'email'}
user:TIW0299,device:PC-5781,{'event_type': 'email'}
user:BMT0528,device:PC-0202,{'event_type': 'email'}
user:HKI0171,device:PC-8733,{'event_type': 'email'}
user:CIG0052,device:PC-7903,{'event_type': 'email'}
user:EHB0824,device:PC-0141,{'event_type': 'email'}
user:SGB0140,device:PC-5647,{'event_type': 'email'}
user:MBR0724,device:PC-8724,{'event_type': 'email'}
user:ATF0274,device:PC-3459,{'event_type': 'email'}
user:MFV0897,device:PC-8493,{'event_type': 'email'}
user:CNM0800,device:PC-9403,{'event_type': 'email'}
user:ANT0430,device:PC-9028,{'event_type': 'email'}
user:RAB0589,device:PC-1609,{'event_type': 'email'}
user:HMW0713,device:PC-7974,{'event_type': 'email'}
user:RLB0719,device:PC-6776,{'event_type': 'email'}
user:SJW0451,device:PC-7902,{'event_type': 'email'}
user:CLS0296,device:PC-7973,{'event_type': 'email'}
user:TUC0632,device:PC-3469,{'event_type': 'email'}
user:KRV0372,device:PC-9947,{'event_type': 'email'}
user:NMG0766,device:PC-6258,{'event_type': 'email'}
user:ZKS0899,device:PC-8517,{'event_type': 'email'}
user:IJM0139,device:PC-8089,{'event_type': 'email'}
user:JJB0700,device:PC-1658,{'event_type': 'email'}
user:GJD0298,device:PC-1783,{'event_type': 'email'}
user:EGD0132,device:PC-4211,{'event_type': 'email'}
user:KCO0122,device:PC-9174,{'event_type': 'email'}
user:AMJ0297,device:PC-6665,{'event_type': 'email'}
user:ATP0662,device:PC-4127,{'event_type': 'email'}
user:QRM0739,device:PC-7343,{'event_type': 'email'}
user:ABM0845,device:PC-9714,{'event_type': 'email'}
user:BSS0463,device:PC-9166,{'event_type': 'email'}
user:ALC0788,device:PC-1887,{'event_type': 'email'}
user:GHH0288,device:PC-4686,{'event_type': 'email'}
user:RHP0484,device:PC-6499,{'event_type': 'email'}
user:HKF0831,device:PC-6215,{'event_type': 'email'}
user:JRH0455,device:PC-7539,{'event_type': 'email'}
user:HRD0635,device:PC-4246,{'event_type': 'email'}
user:KJJ0293,device:PC-7425,{'event_type': 'email'}
user:ORB0473,device:PC-5388,{'event_type': 'email'}
user:DDM0579,device:PC-3675,{'event_type': 'email'}
user:TAC0300,device:PC-2131,{'event_type': 'email'}
user:NCE0097,device:PC-2393,{'event_type': 'email'}
user:MLG0475,device:PC-7399,{'event_type': 'email'}
user:BNG0237,device:PC-2177,{'event_type': 'email'}
user:CMS0454,device:PC-4155,{'event_type': 'email'}
user:DAG0558,device:PC-0494,{'event_type': 'email'}
user:ESA0642,device:PC-9304,{'event_type': 'email'}
user:PNL0301,device:PC-5611,{'event_type': 'email'}
user:MBW0809,device:PC-5118,{'event_type': 'email'}
user:LJT0817,device:PC-3120,{'event_type': 'email'}
user:FIR0920,device:PC-5046,{'event_type': 'email'}
user:CCW0524,device:PC-0393,{'event_type': 'email'}
user:JBM0350,device:PC-9744,{'event_type': 'email'}
user:KSH0569,device:PC-1395,{'event_type': 'email'}
user:MDM0976,device:PC-2462,{'event_type': 'email'}
user:MJB0588,device:PC-6112,{'event_type': 'email'}
user:KLH0596,device:PC-0132,{'event_type': 'email'}
user:ZSL0305,device:PC-2640,{'event_type': 'email'}
user:HDJ0446,device:PC-3378,{'event_type': 'email'}
user:BHW0458,device:PC-2077,{'event_type': 'email'}
user:PMV0850,device:PC-4547,{'event_type': 'email'}
user:XRS0633,device:PC-1099,{'event_type': 'email'}
user:EMW0105,device:PC-1845,{'event_type': 'email'}
user:DIB0285,device:PC-1268,{'event_type': 'email'}
user:WDV0573,device:PC-4983,{'event_type': 'email'}
user:WGR0833,device:PC-6101,{'event_type': 'email'}
user:NRF0137,device:PC-8782,{'event_type': 'email'}
user:CGF0337,device:PC-0369,{'event_type': 'email'}
user:CAN0842,device:PC-9196,{'event_type': 'email'}
user:ASM0575,device:PC-1165,{'event_type': 'email'}
user:AHG0634,device:PC-4024,{'event_type': 'email'}
user:HJS0072,device:PC-0836,{'event_type': 'email'}
user:MDH0580,device:PC-4579,{'event_type': 'email'}
user:ADD0846,device:PC-4109,{'event_type': 'email'}
user:AJC0840,device:PC-9184,{'event_type': 'email'}
user:NSC0597,device:PC-5015,{'event_type': 'email'}
user:JRF0835,device:PC-9627,{'event_type': 'email'}
user:AGB0643,device:PC-2461,{'event_type': 'email'}
user:AES0827,device:PC-2770,{'event_type': 'email'}
user:SOB0586,device:PC-6477,{'event_type': 'email'}
user:XWD0923,device:PC-1637,{'event_type': 'email'}
user:MSG0839,device:PC-3227,{'event_type': 'email'}
user:ELB0847,device:PC-9661,{'event_type': 'email'}
user:FDE0117,device:PC-1772,{'event_type': 'email'}
user:VSA0230,device:PC-9547,{'event_type': 'email'}
user:LAF0991,device:PC-4973,{'event_type': 'email'}
user:BWH0813,device:PC-5110,{'event_type': 'email'}
user:YWW0660,device:PC-2645,{'event_type': 'email'}
user:VLB0647,device:PC-6789,{'event_type': 'email'}
user:EZT0640,device:PC-1069,{'event_type': 'email'}
user:CLH0703,device:PC-8632,{'event_type': 'email'}
user:ARD0509,device:PC-1677,{'event_type': 'email'}
user:SLT0907,device:PC-1708,{'event_type': 'email'}
user:AVM0947,device:PC-0285,{'event_type': 'email'}
user:IJM0444,device:PC-8734,{'event_type': 'email'}
user:JCR0289,device:PC-2289,{'event_type': 'email'}
user:KNW0644,device:PC-3379,{'event_type': 'email'}
user:CQH0701,device:PC-8164,{'event_type': 'email'}
user:ILR0304,device:PC-5480,{'event_type': 'email'}
user:MNR0829,device:PC-2479,{'event_type': 'email'}
